[{"line":4,"elements":[{"start_timestamp":"2024-05-02T11:21:05.957Z","line":6,"name":"To check the functionality of Login Module with valid credential","description":"","id":"to-check-the-functionality-of-login-module;to-check-the-functionality-of-login-module-with-valid-credential","type":"scenario","keyword":"Scenario","steps":[{"result":{"duration":9522953400,"status":"passed"},"line":7,"name":"Useris on login page","match":{"location":"bDDFramework_CucumberTool.StepDefinition_GlueCode.useris_on_login_page()"},"keyword":"Given "},{"result":{"duration":2138997400,"status":"passed"},"line":8,"name":"URL Verification","match":{"location":"bDDFramework_CucumberTool.StepDefinition_GlueCode.url_verification()"},"keyword":"And "},{"result":{"duration":26960300,"status":"passed"},"line":9,"name":"Page Title Verification","match":{"location":"bDDFramework_CucumberTool.StepDefinition_GlueCode.page_title_verification()"},"keyword":"And "},{"result":{"duration":644976700,"status":"passed"},"line":10,"name":"User enters username and password","match":{"location":"bDDFramework_CucumberTool.StepDefinition_GlueCode.user_enters_username_and_password()"},"keyword":"When "},{"result":{"duration":239274200,"status":"passed"},"line":11,"name":"click on login button","match":{"location":"bDDFramework_CucumberTool.StepDefinition_GlueCode.click_on_login_button()"},"keyword":"And "},{"result":{"duration":9566852700,"status":"passed"},"line":12,"name":"User will navigate to Home page","match":{"location":"bDDFramework_CucumberTool.StepDefinition_GlueCode.user_will_navigate_to_home_page()"},"keyword":"Then "},{"result":{"duration":6208111100,"status":"passed"},"line":13,"name":"User will apply filter","match":{"location":"bDDFramework_CucumberTool.StepDefinition_GlueCode.user_will_apply_filter()"},"keyword":"And "},{"result":{"duration":4141300700,"status":"passed"},"line":14,"name":"User will add products to cart","match":{"location":"bDDFramework_CucumberTool.StepDefinition_GlueCode.user_will_add_products_to_cart()"},"keyword":"Then "},{"result":{"duration":4194198000,"status":"passed"},"line":15,"name":"User will click on the cart to checkout","match":{"location":"bDDFramework_CucumberTool.StepDefinition_GlueCode.user_will_click_on_the_cart_to_checkout()"},"keyword":"And "},{"result":{"duration":4588633100,"status":"passed"},"line":16,"name":"User will give checkout information","match":{"location":"bDDFramework_CucumberTool.StepDefinition_GlueCode.user_will_give_checkout_information()"},"keyword":"Then "},{"result":{"duration":2084514900,"status":"passed"},"line":17,"name":"User will continue shopping","match":{"location":"bDDFramework_CucumberTool.StepDefinition_GlueCode.user_will_continue_shopping()"},"keyword":"And "},{"result":{"duration":4134867200,"status":"passed"},"line":18,"name":"User will logout","match":{"location":"bDDFramework_CucumberTool.StepDefinition_GlueCode.user_will_logout()"},"keyword":"Then "}]}],"name":"To check the functionality of Login Module","description":"","id":"to-check-the-functionality-of-login-module","keyword":"Feature","uri":"file:src/test/resources/BDD_Documents/Login.feature","tags":[]}]